w_omega,h,T_max,Method,Pred_Tmax
31.7,30.3219947347689,950.383557943877,MRF,960.710371868538
44.1,35.8405305616451,874.475472459936,MRF,845.283172431039
69.7,39.2480675529297,668.383533660304,MRF,699.158548341806
99.5,39.8606819894017,579.684467177161,MRF,567.774938599892
69.7,39.8606819894017,579.684467177161,SM,579.684467177161
