Method,w_omega,h,T_max,Q,Cd_t,Tavg,V_vanes
MRF,31.7,30.3219947347689,950.383557943877,207630111.452778,0.0741685606803278,392.870537043379,3.604208293488
MRF,44.1,35.8405305616451,874.475472459936,200564486.056948,0.146356705960412,365.574083563783,5.01405633258113
MRF,69.7,39.2480675529297,668.383533660304,140703954.394681,0.386940824302304,330.648054426369,7.92471034877328
MRF,95.1,39.8606819894017,579.684467177161,118111487.57626,0.72175146259256,318.654073168482,10.812624880464
SM,69.7,45.02,699.277705633188,481677170,0.379659632032329,608.745401504185,7.9246922584383
